onset	duration	trial_type
0.001	0	boundary
30.358	0	S 10
39.817	0	S 11
40.319	0	S105
41.773	0	S128
42.273	0	S128
42.774	0	S128
43.273	0	S128
43.774	0	S128
44.226	0	S  4
44.273	0	S128
44.774	0	S128
44.898	0	S  4
45.273	0	S128
45.615	0	S  4
45.775	0	S128
46.231	0	S  4
46.273	0	S128
46.774	0	S128
46.873	0	S  4
47.273	0	S128
47.621	0	S  4
47.773	0	S128
48.249	0	S  4
48.273	0	S128
48.775	0	S128
49.273	0	S128
49.477	0	S  4
49.775	0	S128
50.187	0	S  4
50.273	0	S128
50.773	0	S128
50.811	0	S128
51.273	0	S128
51.773	0	S128
52.002	0	S  4
52.272	0	S128
52.652	0	S  4
52.773	0	S128
53.271	0	S  4
53.283	0	S128
53.773	0	S128
54.274	0	S128
54.609	0	S  3
65.045	0	S 10
71.256	0	S 11
71.757	0	S105
73.213	0	S128
73.715	0	S128
74.212	0	S128
74.714	0	S128
75.215	0	S128
75.54	0	S128
75.713	0	S128
76.215	0	S128
76.495	0	S128
76.713	0	S128
77.212	0	S128
77.368	0	S128
77.713	0	S128
77.971	0	S128
78.213	0	S128
78.557	0	S128
78.713	0	S128
79.213	0	S128
79.354	0	S128
79.713	0	S128
80.043	0	S128
80.213	0	S128
80.712	0	S128
81.13	0	S128
81.213	0	S128
81.712	0	S128
82.213	0	S128
82.346	0	S128
82.712	0	S128
83.213	0	S128
83.397	0	S128
83.712	0	S128
83.976	0	S128
84.213	0	S128
84.503	0	S128
84.712	0	S128
85.213	0	S128
85.541	0	S  2
115.485	0	S 10
123.584	0	S 11
124.084	0	S105
125.541	0	S128
126.041	0	S128
126.54	0	S128
127.042	0	S128
127.539	0	S128
128.124	0	S128
128.321	0	S  4
128.935	0	S  4
129.134	0	S128
129.475	0	S  4
129.818	0	S128
129.966	0	S  4
130.436	0	S128
130.478	0	S  4
130.982	0	S128
131.109	0	S  4
131.611	0	S128
131.945	0	S  4
132.013	0	S128
133.237	0	S  4
133.385	0	S128
133.929	0	S  4
134.006	0	S128
134.543	0	S  4
134.557	0	S128
135.832	0	S  4
135.891	0	S128
136.482	0	S  4
136.684	0	S128
137.287	0	S  4
137.299	0	S128
138.331	0	S  2
138.67	0	S  3
145.596	0	S 11
161.463	0	S 11
161.965	0	S105
163.42	0	S128
163.92	0	S128
164.42	0	S128
164.919	0	S128
165.421	0	S128
165.818	0	S128
165.919	0	S128
166.421	0	S128
166.833	0	S128
166.922	0	S128
167.42	0	S128
167.919	0	S128
168.42	0	S128
168.922	0	S128
169.187	0	S128
169.419	0	S128
169.919	0	S128
170.021	0	S128
170.421	0	S128
170.631	0	S128
170.919	0	S128
171.143	0	S128
171.419	0	S128
171.689	0	S128
171.919	0	S128
172.197	0	S128
172.421	0	S128
172.767	0	S128
172.92	0	S128
173.353	0	S128
173.419	0	S128
173.903	0	S128
173.92	0	S128
174.419	0	S128
174.593	0	S128
174.92	0	S128
175.419	0	S128
175.724	0	S  2
181.755	0	S 11
185.767	0	S 11
186.268	0	S105
187.723	0	S128
188.223	0	S128
188.723	0	S128
189.223	0	S128
189.722	0	S128
190.223	0	S128
190.346	0	S  4
190.722	0	S128
191.198	0	S  4
191.223	0	S128
191.723	0	S128
191.786	0	S128
192.223	0	S128
192.413	0	S  4
192.724	0	S128
192.968	0	S  4
193.223	0	S128
193.534	0	S  4
193.723	0	S128
194.223	0	S128
194.282	0	S128
194.723	0	S128
194.955	0	S  4
195.223	0	S128
195.508	0	S  4
195.723	0	S128
196.083	0	S  4
196.223	0	S128
196.709	0	S  4
196.723	0	S128
197.223	0	S128
197.355	0	S  4
197.723	0	S128
197.919	0	S  4
198.224	0	S128
198.559	0	S  4
198.723	0	S128
199.222	0	S128
199.244	0	S128
199.723	0	S128
200.222	0	S128
200.414	0	S  3
205.874	0	S 11
213.646	0	S 11
214.147	0	S105
215.602	0	S128
216.103	0	S128
216.605	0	S128
217.103	0	S128
217.602	0	S128
218.1	0	S  4
218.42	0	S128
218.901	0	S  4
219.21	0	S128
219.426	0	S  4
219.864	0	S128
220.014	0	S  4
220.26	0	S128
220.633	0	S  4
220.706	0	S128
221.252	0	S128
221.264	0	S  4
221.696	0	S128
221.842	0	S  4
222.24	0	S128
222.389	0	S  4
222.786	0	S128
222.87	0	S  4
223.362	0	S128
223.446	0	S  4
223.878	0	S128
223.944	0	S  4
224.328	0	S128
224.489	0	S  4
224.774	0	S128
224.97	0	S  4
225.349	0	S128
225.555	0	S  4
225.914	0	S128
226.11	0	S  4
226.852	0	S  2
227.177	0	S  3
249.469	0	S106
249.863	0	S107
346.451	0	S106
346.699	0	S107
347.42	0	S106
347.82	0	S107
421.494	0	S106
421.891	0	S107
422.816	0	S107
424.906	0	S  1
443.722	0	S 10
444.224	0	S105
445.679	0	S128
446.179	0	S128
446.68	0	S128
447.178	0	S128
447.68	0	S128
448.104	0	S128
448.916	0	S128
449.58	0	S128
450.328	0	S128
450.954	0	S128
451.593	0	S128
452.28	0	S128
453.005	0	S128
453.571	0	S128
454.17	0	S128
454.88	0	S128
455.427	0	S128
455.846	0	S128
457.448	0	S128
458.403	0	S  2
466.218	0	S 10
466.719	0	S105
468.176	0	S128
468.674	0	S128
469.175	0	S128
469.674	0	S128
470.174	0	S128
470.776	0	S  4
471.53	0	S  4
472.101	0	S  4
472.731	0	S  4
473.262	0	S  4
474.011	0	S  4
474.744	0	S  4
475.259	0	S  4
475.809	0	S  4
476.399	0	S  4
477.105	0	S  4
477.714	0	S  4
478.319	0	S  4
479.488	0	S  4
480.774	0	S  3
480.985	0	S106
488.586	0	S 10
489.087	0	S105
490.543	0	S128
491.042	0	S128
491.543	0	S128
492.042	0	S128
492.542	0	S128
493.072	0	S128
493.195	0	S  4
493.919	0	S  4
493.951	0	S128
494.523	0	S  4
494.633	0	S128
495.137	0	S  4
495.252	0	S128
495.845	0	S  4
495.951	0	S128
496.463	0	S128
496.642	0	S  4
497.082	0	S128
497.253	0	S  4
497.722	0	S128
497.817	0	S  4
498.292	0	S128
498.388	0	S  4
498.778	0	S128
499.023	0	S  4
499.623	0	S  4
499.651	0	S128
500.193	0	S  4
500.262	0	S128
500.691	0	S  4
500.742	0	S128
501.747	0	S128
501.87	0	S  4
502.857	0	S  2
503.217	0	S  3
514.941	0	S106
519.849	0	S 10
520.35	0	S105
521.805	0	S128
522.306	0	S128
522.808	0	S128
523.306	0	S128
523.805	0	S128
529.169	0	S 10
529.67	0	S105
531.125	0	S128
531.626	0	S128
532.125	0	S128
532.626	0	S128
533.126	0	S128
533.815	0	S  4
534.17	0	S128
534.653	0	S  4
534.943	0	S128
535.288	0	S  4
535.595	0	S128
536.007	0	S  4
536.245	0	S128
536.756	0	S  4
536.801	0	S128
537.293	0	S128
537.49	0	S  4
537.774	0	S128
538.119	0	S  4
538.486	0	S128
538.683	0	S  4
539.07	0	S128
539.218	0	S  4
539.652	0	S128
539.767	0	S  4
540.305	0	S128
540.321	0	S  4
540.805	0	S128
540.909	0	S  4
541.289	0	S128
541.445	0	S  4
542.508	0	S128
542.752	0	S  4
543.731	0	S  2
546.958	0	S  3
559.964	0	S106
563.344	0	S 10
563.845	0	S105
565.3	0	S128
565.801	0	S128
566.3	0	S128
566.801	0	S128
567.3	0	S128
567.981	0	S  4
568.21	0	S128
568.792	0	S  4
568.84	0	S128
569.406	0	S  4
569.435	0	S128
569.995	0	S128
570.049	0	S  4
570.538	0	S128
570.595	0	S  4
571.138	0	S128
571.217	0	S  4
571.856	0	S  4
571.916	0	S128
572.446	0	S128
572.498	0	S  4
573.086	0	S128
573.098	0	S  4
573.671	0	S128
573.683	0	S  4
574.274	0	S  4
574.337	0	S128
574.772	0	S  4
574.784	0	S128
575.301	0	S  4
575.396	0	S128
576.446	0	S128
576.602	0	S  4
577.403	0	S  2
581.398	0	S  3
590.707	0	S106
595.104	0	S 10
595.604	0	S105
597.061	0	S128
597.56	0	S128
598.061	0	S128
598.56	0	S128
599.06	0	S128
599.597	0	S128
599.918	0	S  4
600.314	0	S128
600.469	0	S  4
600.928	0	S128
600.94	0	S  4
601.466	0	S  4
601.49	0	S128
602.051	0	S128
602.072	0	S  4
602.54	0	S128
602.669	0	S  4
603.012	0	S128
603.212	0	S  4
603.614	0	S128
603.72	0	S  4
604.136	0	S128
604.182	0	S  4
604.594	0	S128
604.808	0	S  4
605.235	0	S128
605.318	0	S  4
605.804	0	S128
605.891	0	S  4
606.377	0	S128
606.4	0	S  4
607.53	0	S  4
607.9	0	S128
609.164	0	S  3
609.358	0	S  2
617.243	0	S106
622.071	0	S 10
622.573	0	S105
624.028	0	S128
624.53	0	S128
625.028	0	S128
625.528	0	S128
626.029	0	S128
626.374	0	S128
626.561	0	S  4
627.1	0	S128
627.213	0	S  4
627.687	0	S128
627.813	0	S  4
628.251	0	S128
628.367	0	S  4
628.887	0	S128
628.905	0	S  4
629.541	0	S128
629.573	0	S  4
630.149	0	S  4
630.21	0	S128
630.719	0	S128
630.738	0	S  4
631.269	0	S  4
631.342	0	S128
631.87	0	S  4
632.082	0	S128
632.517	0	S  4
632.697	0	S128
633.201	0	S128
633.237	0	S  4
633.727	0	S  4
633.861	0	S128
635.036	0	S  4
635.308	0	S128
636.813	0	S  3
641.878	0	S  2
653.83	0	S106
654.077	0	S107
662.927	0	S 11
663.428	0	S105
664.883	0	S128
665.384	0	S128
665.883	0	S128
666.384	0	S128
666.883	0	S128
667.347	0	S  4
668.126	0	S  4
668.707	0	S  4
669.363	0	S  4
669.891	0	S  4
670.589	0	S  4
671.239	0	S  4
671.917	0	S  4
672.509	0	S  4
673.159	0	S  4
673.879	0	S  4
674.484	0	S  4
675.133	0	S  4
675.745	0	S  4
676.406	0	S  4
677.638	0	S  3
682.478	0	S 11
682.978	0	S105
684.434	0	S128
684.935	0	S128
685.434	0	S128
685.935	0	S128
686.287	0	S128
686.435	0	S128
687.348	0	S128
687.77	0	S128
688.224	0	S128
688.837	0	S128
689.348	0	S128
689.917	0	S128
690.615	0	S128
691.176	0	S128
691.794	0	S128
692.559	0	S128
693.186	0	S128
694.056	0	S128
695.832	0	S128
696.357	0	S128
697.65	0	S  2
697.86	0	S106
706.982	0	S 11
707.483	0	S105
708.938	0	S128
709.439	0	S128
709.938	0	S128
710.439	0	S128
710.939	0	S128
711.409	0	S  4
711.633	0	S128
712.258	0	S  4
712.435	0	S128
712.851	0	S  4
713.155	0	S128
713.437	0	S  4
713.654	0	S128
713.937	0	S  4
714.28	0	S128
714.518	0	S  4
714.824	0	S128
715.146	0	S  4
715.3	0	S128
715.886	0	S  4
715.924	0	S128
716.618	0	S  4
716.63	0	S128
717.133	0	S128
717.412	0	S  4
717.632	0	S128
718.042	0	S  4
718.226	0	S128
718.654	0	S  4
719.014	0	S128
719.282	0	S  4
719.648	0	S128
719.998	0	S  4
720.369	0	S128
720.538	0	S  4
721.351	0	S  2
721.877	0	S  3
729.321	0	S106
733.789	0	S 11
734.291	0	S105
735.746	0	S128
736.246	0	S128
736.746	0	S128
737.246	0	S128
737.745	0	S128
738.188	0	S128
738.427	0	S  4
738.928	0	S  4
738.94	0	S128
739.449	0	S  4
739.562	0	S128
739.964	0	S  4
740.131	0	S128
740.395	0	S  4
740.769	0	S128
740.98	0	S  4
741.308	0	S128
741.668	0	S  4
741.849	0	S128
742.286	0	S  4
742.298	0	S128
742.743	0	S128
742.9	0	S  4
743.197	0	S128
743.701	0	S  4
743.768	0	S128
744.265	0	S128
744.435	0	S  4
744.884	0	S128
744.968	0	S  4
745.447	0	S128
745.46	0	S  4
746.053	0	S  4
746.218	0	S128
746.668	0	S  4
747.185	0	S  2
747.692	0	S  3
754.473	0	S106
758.437	0	S 11
758.937	0	S105
760.394	0	S128
760.894	0	S128
761.394	0	S128
761.894	0	S128
762.393	0	S128
762.719	0	S128
762.912	0	S  4
763.37	0	S128
763.418	0	S  4
763.867	0	S  4
763.879	0	S128
764.345	0	S128
764.357	0	S  4
764.815	0	S  4
764.842	0	S128
765.337	0	S  4
765.372	0	S128
766.329	0	S128
766.397	0	S  4
766.85	0	S128
766.879	0	S  4
767.302	0	S128
767.472	0	S  4
767.773	0	S128
768.019	0	S  4
768.185	0	S128
768.601	0	S128
768.614	0	S  4
769.012	0	S128
769.163	0	S  4
769.408	0	S128
769.831	0	S  4
770.393	0	S  4
770.495	0	S  2
771.647	0	S  3
778.737	0	S106
784.765	0	S 11
785.265	0	S105
786.72	0	S128
787.221	0	S128
787.72	0	S128
788.221	0	S128
788.722	0	S128
789.248	0	S128
789.393	0	S  4
789.917	0	S128
789.935	0	S  4
790.388	0	S128
790.444	0	S  4
790.875	0	S  4
790.917	0	S128
791.345	0	S  4
791.426	0	S128
791.879	0	S  4
792.017	0	S128
792.484	0	S  4
792.503	0	S128
792.872	0	S128
793.04	0	S  4
793.3	0	S128
793.611	0	S  4
793.869	0	S128
794.307	0	S  4
794.564	0	S128
794.915	0	S  4
795.108	0	S128
795.472	0	S  4
795.779	0	S128
796.072	0	S  4
796.355	0	S128
796.748	0	S  4
796.844	0	S128
797.271	0	S  4
798.293	0	S  2
798.533	0	S  3
804.168	0	S106
808.012	0	S 11
808.512	0	S105
809.969	0	S128
810.469	0	S128
810.969	0	S128
811.468	0	S128
811.969	0	S128
812.236	0	S128
812.416	0	S  4
812.921	0	S  4
812.963	0	S128
813.365	0	S  4
813.461	0	S128
813.768	0	S  4
813.944	0	S128
814.178	0	S  4
814.648	0	S128
814.762	0	S  4
815.212	0	S128
815.498	0	S  4
815.745	0	S128
816.214	0	S  4
816.352	0	S128
816.902	0	S128
816.926	0	S  4
817.386	0	S128
817.508	0	S  4
817.838	0	S128
818.148	0	S  4
818.508	0	S128
818.75	0	S  4
819.275	0	S128
819.356	0	S  4
819.906	0	S128
820.049	0	S  4
820.344	0	S128
820.625	0	S  4
821.733	0	S  2
821.963	0	S  3
827.594	0	S106
827.854	0	S107
836.548	0	S 10
837.05	0	S105
838.504	0	S128
839.004	0	S128
839.506	0	S128
840.004	0	S128
840.506	0	S128
841.021	0	S  4
841.718	0	S  4
842.348	0	S  4
842.983	0	S  4
843.565	0	S  4
844.266	0	S  4
844.896	0	S  4
846.09	0	S  4
846.738	0	S  4
847.314	0	S  4
847.848	0	S  4
848.509	0	S  4
849.212	0	S  4
849.752	0	S  4
851.033	0	S  3
856.659	0	S 10
857.16	0	S105
858.616	0	S128
859.118	0	S128
859.616	0	S128
860.115	0	S128
860.617	0	S128
861.057	0	S128
861.726	0	S128
862.198	0	S128
862.81	0	S128
863.382	0	S128
863.926	0	S128
864.405	0	S128
865.492	0	S128
866.01	0	S128
866.619	0	S128
867.101	0	S128
867.593	0	S128
868.133	0	S128
868.737	0	S128
869.864	0	S  2
870.072	0	S106
877.051	0	S 10
877.551	0	S105
879.008	0	S128
879.507	0	S128
880.008	0	S128
880.507	0	S128
881.007	0	S128
881.457	0	S128
881.627	0	S  4
882.197	0	S  4
882.245	0	S128
882.722	0	S  4
882.735	0	S128
883.229	0	S  4
883.259	0	S128
883.715	0	S  4
883.811	0	S128
884.32	0	S  4
884.428	0	S128
884.927	0	S  4
885.005	0	S128
886.007	0	S  4
886.131	0	S128
886.575	0	S  4
886.684	0	S128
887.047	0	S  4
887.289	0	S128
887.609	0	S  4
887.858	0	S128
888.12	0	S  4
888.401	0	S128
888.639	0	S  4
889.037	0	S128
889.215	0	S  4
889.635	0	S128
890.508	0	S  3
890.926	0	S  2
897.119	0	S106
901.395	0	S 10
901.895	0	S105
903.351	0	S128
903.851	0	S128
904.351	0	S128
904.851	0	S128
905.35	0	S128
906.048	0	S128
906.109	0	S  4
906.753	0	S  4
906.81	0	S128
907.239	0	S  4
907.423	0	S128
907.675	0	S  4
907.996	0	S128
908.277	0	S  4
908.681	0	S128
908.898	0	S  4
909.253	0	S128
909.421	0	S  4
909.85	0	S128
910.434	0	S  4
910.987	0	S128
911.009	0	S  4
911.506	0	S  4
911.532	0	S128
911.94	0	S128
911.968	0	S  4
912.335	0	S128
912.421	0	S  4
912.814	0	S128
912.892	0	S  4
913.455	0	S128
913.506	0	S  4
914.011	0	S128
914.713	0	S  3
916.919	0	S  2
923.927	0	S106
933.898	0	S 10
934.398	0	S105
935.854	0	S128
936.355	0	S128
936.854	0	S128
937.355	0	S128
937.854	0	S128
938.433	0	S  4
938.608	0	S128
939.138	0	S  4
939.286	0	S128
939.661	0	S  4
939.778	0	S128
940.147	0	S  4
940.318	0	S128
940.756	0	S  4
940.866	0	S128
941.317	0	S  4
941.486	0	S128
941.985	0	S  4
942.28	0	S128
943.286	0	S  4
943.413	0	S128
943.934	0	S  4
943.947	0	S128
944.566	0	S  4
944.584	0	S128
945.079	0	S128
945.19	0	S  4
945.74	0	S128
945.796	0	S  4
946.208	0	S128
946.443	0	S  4
946.687	0	S128
947.131	0	S  4
947.695	0	S  2
948.865	0	S  3
954.717	0	S106
960.162	0	S 10
960.662	0	S105
962.119	0	S128
962.618	0	S128
963.12	0	S128
963.618	0	S128
964.118	0	S128
964.664	0	S128
964.746	0	S  4
965.368	0	S  4
965.398	0	S128
965.848	0	S  4
965.86	0	S128
966.424	0	S  4
966.482	0	S128
967.009	0	S  4
967.18	0	S128
967.701	0	S  4
967.736	0	S128
968.35	0	S  4
968.393	0	S128
969.405	0	S128
969.62	0	S  4
969.991	0	S128
970.181	0	S  4
970.52	0	S128
970.782	0	S  4
971.09	0	S128
971.354	0	S  4
971.704	0	S128
971.923	0	S  4
972.271	0	S128
972.471	0	S  4
972.763	0	S128
972.997	0	S  4
973.969	0	S  2
974.305	0	S  3
979.093	0	S106
983.625	0	S 10
984.126	0	S105
985.582	0	S128
986.082	0	S128
986.582	0	S128
987.081	0	S128
987.582	0	S128
988.026	0	S128
988.133	0	S  4
988.714	0	S128
988.891	0	S  4
989.165	0	S128
989.434	0	S  4
989.717	0	S128
990.017	0	S  4
990.275	0	S128
990.505	0	S  4
990.859	0	S128
991.111	0	S  4
991.413	0	S128
991.705	0	S  4
992.689	0	S128
992.827	0	S  4
993.2	0	S128
993.359	0	S  4
993.803	0	S128
993.842	0	S  4
994.257	0	S128
994.36	0	S  4
994.86	0	S128
994.88	0	S  4
995.4	0	S128
995.433	0	S  4
995.887	0	S  4
996.035	0	S128
997.109	0	S  2
997.194	0	S  3
1002.863	0	S106
1003.111	0	S107
1011.433	0	S 11
1011.933	0	S105
1013.39	0	S128
1013.889	0	S128
1014.389	0	S128
1014.889	0	S128
1015.39	0	S128
1015.994	0	S128
1016.554	0	S128
1016.933	0	S128
1017.627	0	S128
1018.32	0	S128
1018.928	0	S128
1019.399	0	S128
1019.882	0	S128
1020.499	0	S128
1021.095	0	S128
1021.696	0	S128
1022.255	0	S128
1022.706	0	S128
1023.317	0	S128
1023.88	0	S128
1025.453	0	S  2
1030.6	0	S 11
1031.101	0	S105
1032.558	0	S128
1033.057	0	S128
1033.559	0	S128
1034.057	0	S128
1034.557	0	S128
1035.104	0	S  4
1035.87	0	S  4
1036.446	0	S  4
1037.024	0	S  4
1037.593	0	S  4
1038.218	0	S  4
1038.795	0	S  4
1039.329	0	S  4
1040.001	0	S  4
1040.62	0	S  4
1041.256	0	S  4
1041.777	0	S  4
1042.46	0	S  4
1043.128	0	S  4
1043.642	0	S  4
1044.956	0	S  3
1045.166	0	S106
1052.272	0	S 11
1052.773	0	S105
1054.229	0	S128
1054.731	0	S128
1055.229	0	S128
1055.728	0	S128
1056.23	0	S128
1056.8	0	S  4
1056.816	0	S128
1057.482	0	S  4
1057.552	0	S128
1058.01	0	S128
1058.108	0	S  4
1058.573	0	S128
1058.677	0	S  4
1059.303	0	S  4
1059.318	0	S128
1059.848	0	S128
1059.882	0	S  4
1060.451	0	S128
1060.464	0	S  4
1061.036	0	S  4
1061.083	0	S128
1061.599	0	S128
1061.634	0	S  4
1062.174	0	S128
1062.247	0	S  4
1062.739	0	S128
1062.756	0	S  4
1063.35	0	S  4
1063.386	0	S128
1063.913	0	S128
1064.003	0	S  4
1064.475	0	S128
1064.487	0	S  4
1065.036	0	S  4
1065.048	0	S128
1066.291	0	S  2
1066.437	0	S  3
1073.843	0	S106
1202.485	0	S 11
1202.986	0	S105
1204.442	0	S128
1204.942	0	S128
1205.442	0	S128
1205.942	0	S128
1206.442	0	S128
1206.854	0	S128
1207.063	0	S  4
1207.61	0	S  4
1207.817	0	S128
1208.153	0	S  4
1208.414	0	S128
1208.849	0	S  4
1208.933	0	S128
1209.447	0	S  4
1209.463	0	S128
1210.031	0	S128
1210.115	0	S  4
1210.559	0	S128
1210.716	0	S  4
1211.123	0	S128
1211.315	0	S  4
1211.711	0	S128
1211.816	0	S  4
1212.323	0	S128
1212.425	0	S  4
1212.901	0	S128
1212.961	0	S  4
1213.412	0	S128
1213.56	0	S  4
1213.943	0	S128
1214.039	0	S  4
1214.483	0	S128
1214.572	0	S  4
1214.947	0	S128
1215.101	0	S  4
1216.136	0	S  2
1216.327	0	S  3
1221.265	0	S106
1225.701	0	S 11
1226.203	0	S105
1227.658	0	S128
1228.16	0	S128
1228.658	0	S128
1229.157	0	S128
1229.659	0	S128
1230.371	0	S  4
1230.615	0	S128
1231.153	0	S  4
1231.307	0	S128
1231.757	0	S  4
1231.847	0	S128
1232.291	0	S  4
1232.415	0	S128
1232.867	0	S  4
1233.142	0	S128
1233.552	0	S  4
1233.832	0	S128
1234.285	0	S  4
1234.513	0	S128
1234.903	0	S  4
1235.03	0	S128
1235.509	0	S  4
1235.662	0	S128
1236.121	0	S  4
1236.307	0	S128
1236.687	0	S  4
1236.91	0	S128
1237.294	0	S  4
1237.363	0	S128
1237.891	0	S  4
1238.009	0	S128
1238.471	0	S  4
1238.635	0	S128
1239.016	0	S  4
1239.277	0	S128
1240.174	0	S  3
1243.369	0	S  2
1248.568	0	S106
1253.092	0	S 11
1253.593	0	S105
1255.048	0	S128
1255.549	0	S128
1256.048	0	S128
1256.549	0	S128
1257.048	0	S128
1257.369	0	S128
1257.605	0	S  4
1258.058	0	S128
1258.1	0	S  4
1258.559	0	S  4
1258.58	0	S128
1259.042	0	S  4
1259.187	0	S128
1259.605	0	S  4
1259.782	0	S128
1260.283	0	S  4
1260.348	0	S128
1260.933	0	S  4
1260.981	0	S128
1261.541	0	S  4
1261.644	0	S128
1262.114	0	S  4
1262.367	0	S128
1262.735	0	S  4
1263.027	0	S128
1263.41	0	S  4
1263.705	0	S128
1264.059	0	S  4
1264.218	0	S128
1264.719	0	S  4
1264.783	0	S128
1265.449	0	S  4
1265.461	0	S128
1266.059	0	S128
1266.075	0	S  4
1267.559	0	S  3
1267.623	0	S  2
1271.784	0	S106
1276.236	0	S 11
1276.738	0	S105
1278.194	0	S128
1278.693	0	S128
1279.193	0	S128
1279.694	0	S128
1280.192	0	S128
1280.47	0	S128
1280.709	0	S  4
1281.18	0	S128
1281.326	0	S  4
1281.799	0	S128
1281.963	0	S  4
1282.508	0	S128
1282.55	0	S  4
1283.118	0	S  4
1283.246	0	S128
1283.788	0	S  4
1283.942	0	S128
1284.423	0	S  4
1284.666	0	S128
1285.063	0	S  4
1285.317	0	S128
1285.65	0	S  4
1286.086	0	S128
1286.396	0	S  4
1286.697	0	S128
1287.247	0	S  4
1287.461	0	S128
1287.94	0	S  4
1287.982	0	S128
1288.454	0	S128
1288.572	0	S  4
1289.022	0	S128
1289.257	0	S  4
1289.538	0	S128
1289.831	0	S  4
1290.555	0	S  2
1291.185	0	S  3
1296.275	0	S106
1296.522	0	S107
1758.54	0	S 10
1759.041	0	S105
1760.498	0	S128
1760.997	0	S128
1761.496	0	S128
1761.998	0	S128
1762.496	0	S128
1763.009	0	S128
1763.71	0	S128
1764.357	0	S128
1764.929	0	S128
1765.473	0	S128
1766.003	0	S128
1766.601	0	S128
1767.192	0	S128
1767.714	0	S128
1768.161	0	S128
1768.659	0	S128
1769.238	0	S128
1769.862	0	S128
1770.863	0	S128
1772.076	0	S  2
1778.771	0	S 10
1779.272	0	S105
1780.728	0	S128
1781.228	0	S128
1781.728	0	S128
1782.228	0	S128
1782.727	0	S128
1783.324	0	S  4
1783.99	0	S  4
1784.578	0	S  4
1785.119	0	S  4
1785.699	0	S  4
1786.319	0	S  4
1786.901	0	S  4
1787.531	0	S  4
1788.171	0	S  4
1788.779	0	S  4
1789.435	0	S  4
1790.097	0	S  4
1790.703	0	S  4
1792.031	0	S  4
1793.43	0	S  3
1793.64	0	S106
1800.123	0	S 10
1800.623	0	S105
1802.08	0	S128
1802.579	0	S128
1803.08	0	S128
1803.579	0	S128
1804.079	0	S128
1804.232	0	S128
1804.584	0	S  4
1805.084	0	S128
1805.232	0	S  4
1805.626	0	S128
1805.731	0	S  4
1806.159	0	S128
1806.207	0	S  4
1806.651	0	S128
1806.739	0	S  4
1807.173	0	S128
1807.363	0	S  4
1807.707	0	S128
1808.064	0	S  4
1808.365	0	S128
1808.565	0	S  4
1809.077	0	S128
1809.1	0	S  4
1809.619	0	S128
1809.739	0	S  4
1810.252	0	S128
1810.315	0	S  4
1810.788	0	S128
1810.839	0	S  4
1811.295	0	S128
1811.379	0	S  4
1812.459	0	S128
1812.471	0	S  4
1813.58	0	S  2
1813.907	0	S  3
1819.527	0	S106
1824.346	0	S 10
1824.848	0	S105
1826.302	0	S128
1826.803	0	S128
1827.302	0	S128
1827.803	0	S128
1828.304	0	S128
1828.633	0	S  4
1828.824	0	S128
1829.322	0	S  4
1829.518	0	S128
1829.899	0	S  4
1829.974	0	S128
1830.396	0	S128
1830.505	0	S  4
1830.88	0	S128
1831.039	0	S  4
1831.409	0	S128
1831.615	0	S  4
1832.029	0	S  4
1832.071	0	S128
1832.532	0	S  4
1832.557	0	S128
1833.055	0	S  4
1833.136	0	S128
1833.596	0	S128
1833.669	0	S  4
1834.044	0	S128
1834.332	0	S  4
1834.516	0	S128
1834.853	0	S  4
1835.033	0	S128
1835.335	0	S  4
1835.995	0	S128
1836.275	0	S  4
1837.138	0	S  2
1837.864	0	S  3
1843.695	0	S106
1848.234	0	S 10
1848.736	0	S105
1850.19	0	S128
1850.691	0	S128
1851.193	0	S128
1851.69	0	S128
1852.191	0	S128
1852.748	0	S  4
1852.97	0	S128
1853.252	0	S  4
1853.516	0	S128
1853.854	0	S  4
1853.873	0	S128
1854.292	0	S128
1854.304	0	S  4
1854.783	0	S128
1854.826	0	S  4
1855.172	0	S128
1855.36	0	S  4
1855.556	0	S128
1855.883	0	S  4
1856.182	0	S128
1856.42	0	S  4
1856.926	0	S  4
1857.128	0	S128
1857.488	0	S  4
1857.8	0	S128
1858.084	0	S  4
1858.438	0	S128
1858.586	0	S  4
1858.904	0	S128
1859.197	0	S  4
1859.538	0	S128
1860.387	0	S  4
1860.728	0	S128
1862.194	0	S  3
1866.799	0	S  2
1872.534	0	S106
1878.602	0	S 10
1879.103	0	S105
1880.56	0	S128
1881.059	0	S128
1881.56	0	S128
1882.058	0	S128
1882.559	0	S128
1882.845	0	S128
1883.131	0	S  4
1883.558	0	S128
1883.687	0	S  4
1884.041	0	S128
1884.209	0	S  4
1884.558	0	S128
1884.727	0	S  4
1885.128	0	S128
1885.244	0	S  4
1885.601	0	S128
1885.823	0	S  4
1886.257	0	S128
1886.353	0	S  4
1886.843	0	S128
1886.881	0	S  4
1887.393	0	S  4
1887.406	0	S128
1887.874	0	S128
1887.955	0	S  4
1888.409	0	S128
1888.441	0	S  4
1888.922	0	S128
1888.985	0	S  4
1889.447	0	S128
1889.537	0	S  4
1890.493	0	S128
1890.643	0	S  4
1892.159	0	S  3
1892.204	0	S  2
1897.141	0	S106
1902.049	0	S 10
1902.55	0	S105
1904.006	0	S128
1904.505	0	S128
1905.006	0	S128
1905.508	0	S128
1906.006	0	S128
1906.493	0	S128
1906.531	0	S  4
1907.122	0	S128
1907.213	0	S  4
1907.587	0	S128
1907.735	0	S  4
1908.09	0	S128
1908.277	0	S  4
1908.529	0	S128
1908.745	0	S  4
1908.983	0	S128
1909.223	0	S  4
1909.56	0	S128
1909.711	0	S  4
1910.131	0	S128
1910.313	0	S  4
1910.725	0	S128
1910.905	0	S  4
1911.317	0	S128
1911.438	0	S  4
1911.841	0	S  4
1911.908	0	S128
1912.366	0	S  4
1912.392	0	S128
1912.915	0	S  4
1912.927	0	S128
1913.913	0	S128
1913.947	0	S  4
1915.436	0	S  3
1918.124	0	S  2
1922.527	0	S106
1922.776	0	S107
1932.201	0	S 11
1932.701	0	S105
1934.157	0	S128
1934.658	0	S128
1935.157	0	S128
1935.659	0	S128
1936.157	0	S128
1936.573	0	S  4
1937.307	0	S  4
1937.859	0	S  4
1938.404	0	S  4
1938.908	0	S  4
1939.497	0	S  4
1939.991	0	S  4
1940.504	0	S  4
1941.092	0	S  4
1941.68	0	S  4
1942.192	0	S  4
1942.787	0	S  4
1943.439	0	S  4
1944.105	0	S  4
1944.61	0	S  4
1945.724	0	S  3
1951.656	0	S 11
1952.158	0	S105
1953.612	0	S128
1954.115	0	S128
1954.612	0	S128
1955.113	0	S128
1955.615	0	S128
1956.223	0	S128
1956.701	0	S128
1957.118	0	S128
1957.574	0	S128
1958.07	0	S128
1958.503	0	S128
1959.086	0	S128
1959.709	0	S128
1960.244	0	S128
1960.772	0	S128
1961.301	0	S128
1961.761	0	S128
1962.362	0	S128
1962.842	0	S128
1963.34	0	S128
1964.537	0	S  2
1964.747	0	S106
1972.64	0	S 11
1973.141	0	S105
1974.596	0	S128
1975.097	0	S128
1975.599	0	S128
1976.096	0	S128
1976.595	0	S128
1977.092	0	S  4
1977.184	0	S128
1977.793	0	S128
1977.814	0	S  4
1978.29	0	S  4
1978.335	0	S128
1978.747	0	S  4
1978.914	0	S128
1979.322	0	S  4
1979.444	0	S128
1979.911	0	S  4
1979.984	0	S128
1980.386	0	S  4
1980.477	0	S128
1980.908	0	S  4
1980.979	0	S128
1981.47	0	S  4
1981.506	0	S128
1981.985	0	S128
1981.998	0	S  4
1982.429	0	S128
1982.442	0	S  4
1983.416	0	S128
1983.486	0	S  4
1983.95	0	S128
1984.153	0	S  4
1984.454	0	S128
1984.639	0	S  4
1985.516	0	S  2
1985.906	0	S  3
1993.827	0	S106
1998.287	0	S 11
1998.788	0	S105
2000.244	0	S128
2000.744	0	S128
2001.243	0	S128
2001.744	0	S128
2002.243	0	S128
2002.69	0	S128
2002.792	0	S  4
2003.356	0	S128
2003.436	0	S  4
2003.873	0	S128
2003.897	0	S  4
2004.384	0	S  4
2004.452	0	S128
2004.922	0	S  4
2005.054	0	S128
2005.431	0	S  4
2005.71	0	S128
2005.918	0	S  4
2006.283	0	S128
2006.38	0	S  4
2006.737	0	S128
2007.012	0	S  4
2007.231	0	S128
2007.537	0	S  4
2007.719	0	S128
2008.205	0	S  4
2008.24	0	S128
2008.723	0	S128
2008.755	0	S  4
2009.206	0	S128
2009.274	0	S  4
2009.685	0	S128
2009.791	0	S  4
2010.093	0	S128
2010.257	0	S  4
2011.048	0	S  2
2011.423	0	S  3
2016.106	0	S106
2021.647	0	S 11
2022.149	0	S105
2023.604	0	S128
2024.104	0	S128
2024.604	0	S128
2025.103	0	S128
2025.605	0	S128
2025.853	0	S128
2026.08	0	S  4
2026.479	0	S128
2026.711	0	S  4
2026.945	0	S128
2027.201	0	S  4
2027.402	0	S128
2027.664	0	S  4
2028.059	0	S128
2028.169	0	S  4
2028.716	0	S  4
2028.763	0	S128
2029.256	0	S128
2029.313	0	S  4
2029.767	0	S128
2029.963	0	S  4
2030.372	0	S128
2030.539	0	S  4
2030.991	0	S128
2031.213	0	S  4
2031.555	0	S128
2031.739	0	S  4
2032.004	0	S128
2032.244	0	S  4
2032.459	0	S128
2032.819	0	S  4
2032.94	0	S128
2033.389	0	S  4
2033.402	0	S128
2033.895	0	S  4
2035.149	0	S  3
2037.567	0	S  2
2041.859	0	S106
2047.255	0	S 11
2047.755	0	S105
2049.211	0	S128
2049.711	0	S128
2050.211	0	S128
2050.71	0	S128
2051.211	0	S128
2051.513	0	S128
2051.633	0	S  4
2052.253	0	S128
2052.265	0	S  4
2052.666	0	S128
2052.72	0	S  4
2053.168	0	S128
2053.235	0	S  4
2053.727	0	S128
2053.746	0	S  4
2054.245	0	S128
2054.273	0	S  4
2054.707	0	S128
2054.797	0	S  4
2055.193	0	S128
2055.299	0	S  4
2055.733	0	S128
2055.882	0	S  4
2056.251	0	S128
2056.379	0	S  4
2056.753	0	S128
2056.885	0	S  4
2057.325	0	S128
2057.384	0	S  4
2057.919	0	S  4
2057.953	0	S128
2058.457	0	S128
2058.47	0	S  4
2058.987	0	S  4
2059.002	0	S128
2060.196	0	S  3
2060.541	0	S  2
2065.305	0	S106
2068.862	0	S 11
2069.364	0	S105
2070.819	0	S128
2071.318	0	S128
2071.819	0	S128
2072.319	0	S128
2072.818	0	S128
2073.252	0	S  4
2073.287	0	S128
2073.91	0	S  4
2073.94	0	S128
2074.406	0	S128
2074.435	0	S  4
2074.907	0	S128
2074.949	0	S  4
2075.497	0	S128
2075.521	0	S  4
2076.012	0	S128
2076.152	0	S  4
2076.58	0	S128
2076.599	0	S  4
2077.007	0	S128
2077.066	0	S  4
2077.393	0	S128
2077.648	0	S  4
2077.876	0	S128
2078.249	0	S  4
2078.657	0	S128
2078.732	0	S  4
2079.106	0	S128
2079.272	0	S  4
2079.53	0	S128
2079.88	0	S  4
2080.006	0	S128
2080.42	0	S  4
2080.523	0	S128
2080.949	0	S  4
2081.548	0	S  2
2081.938	0	S  3
2086.692	0	S106
2086.94	0	S107
2096.062	0	S 10
2096.563	0	S105
2098.02	0	S128
2098.519	0	S128
2099.018	0	S128
2099.52	0	S128
2100.018	0	S128
2100.212	0	S  4
2101.004	0	S  4
2101.557	0	S  4
2102.197	0	S  4
2102.86	0	S  4
2103.423	0	S  4
2103.982	0	S  4
2105.136	0	S  4
2105.835	0	S  4
2106.438	0	S  4
2107.062	0	S  4
2107.664	0	S  4
2108.278	0	S  4
2108.95	0	S  4
2110.132	0	S  3
2115.797	0	S 10
2116.298	0	S105
2117.753	0	S128
2118.255	0	S128
2118.753	0	S128
2119.254	0	S128
2119.756	0	S128
2120.033	0	S128
2120.597	0	S128
2120.988	0	S128
2121.564	0	S128
2122.157	0	S128
2122.718	0	S128
2123.173	0	S128
2124.241	0	S128
2124.755	0	S128
2125.225	0	S128
2125.77	0	S128
2126.257	0	S128
2126.706	0	S128
2127.17	0	S128
2128.043	0	S  2
2128.253	0	S106
2135.525	0	S 10
2136.025	0	S105
2137.481	0	S128
2137.982	0	S128
2138.481	0	S128
2138.982	0	S128
2139.481	0	S128
2139.878	0	S128
2139.971	0	S  4
2140.6	0	S  4
2140.624	0	S128
2141.099	0	S  4
2141.263	0	S128
2141.611	0	S  4
2141.749	0	S128
2142.215	0	S  4
2142.272	0	S128
2142.787	0	S128
2142.839	0	S  4
2143.298	0	S  4
2143.31	0	S128
2144.345	0	S128
2144.456	0	S  4
2144.875	0	S128
2144.997	0	S  4
2145.3	0	S128
2145.49	0	S  4
2145.76	0	S128
2145.99	0	S  4
2146.313	0	S128
2146.543	0	S  4
2146.776	0	S128
2147.072	0	S  4
2147.243	0	S128
2147.606	0	S  4
2148.285	0	S  2
2148.776	0	S  3
2154.001	0	S106
2158.861	0	S 10
2159.362	0	S105
2160.817	0	S128
2161.317	0	S128
2161.817	0	S128
2162.316	0	S128
2162.817	0	S128
2163.323	0	S128
2163.365	0	S  4
2164.049	0	S  4
2164.076	0	S128
2164.532	0	S  4
2164.605	0	S128
2165.047	0	S  4
2165.117	0	S128
2165.625	0	S  4
2165.639	0	S128
2166.153	0	S128
2166.192	0	S  4
2166.659	0	S  4
2166.689	0	S128
2167.657	0	S128
2167.68	0	S  4
2168.198	0	S128
2168.217	0	S  4
2168.671	0	S  4
2168.706	0	S128
2169.243	0	S  4
2169.311	0	S128
2169.746	0	S  4
2169.9	0	S128
2170.26	0	S  4
2170.344	0	S128
2170.725	0	S  4
2170.931	0	S128
2171.75	0	S  3
2171.93	0	S  2
2177.552	0	S106
2181.588	0	S 10
2182.09	0	S105
2183.547	0	S128
2184.044	0	S128
2184.545	0	S128
2185.044	0	S128
2185.546	0	S128
2185.932	0	S128
2185.964	0	S  4
2186.534	0	S  4
2186.598	0	S128
2187.002	0	S  4
2187.073	0	S128
2187.504	0	S  4
2187.591	0	S128
2187.98	0	S  4
2188.149	0	S128
2188.502	0	S  4
2188.682	0	S128
2188.993	0	S  4
2189.17	0	S128
2189.906	0	S  4
2190.252	0	S128
2190.474	0	S  4
2190.746	0	S128
2191.04	0	S  4
2191.193	0	S128
2191.579	0	S  4
2191.78	0	S128
2192.124	0	S  4
2192.383	0	S128
2192.743	0	S  4
2192.923	0	S128
2193.326	0	S  4
2193.367	0	S128
2194.445	0	S  2
2194.469	0	S  3
2198.672	0	S106
2202.932	0	S 10
2203.433	0	S105
2204.889	0	S128
2205.388	0	S128
2205.89	0	S128
2206.388	0	S128
2206.888	0	S128
2207.264	0	S128
2207.349	0	S  4
2207.988	0	S128
2208	0	S  4
2208.412	0	S128
2208.484	0	S  4
2208.944	0	S128
2209.018	0	S  4
2209.507	0	S128
2209.59	0	S  4
2210.031	0	S128
2210.279	0	S  4
2210.513	0	S128
2210.751	0	S  4
2211.468	0	S128
2211.882	0	S  4
2211.935	0	S128
2212.41	0	S128
2212.543	0	S  4
2213.002	0	S128
2213.014	0	S  4
2213.507	0	S  4
2213.646	0	S128
2214.038	0	S  4
2214.192	0	S128
2214.622	0	S128
2214.634	0	S  4
2215.061	0	S  4
2215.619	0	S  2
2216.141	0	S  3
2221.383	0	S106
2225.475	0	S 10
2225.976	0	S105
2227.432	0	S128
2227.931	0	S128
2228.432	0	S128
2228.931	0	S128
2229.432	0	S128
2229.858	0	S128
2229.996	0	S  4
2230.517	0	S128
2230.594	0	S  4
2230.961	0	S128
2231.047	0	S  4
2231.472	0	S128
2231.488	0	S  4
2231.961	0	S128
2232.018	0	S  4
2232.466	0	S128
2232.52	0	S  4
2232.986	0	S128
2233.06	0	S  4
2234.029	0	S128
2234.157	0	S  4
2234.633	0	S  4
2234.673	0	S128
2235.145	0	S  4
2235.267	0	S128
2235.659	0	S  4
2235.801	0	S128
2236.128	0	S  4
2236.309	0	S128
2236.624	0	S  4
2236.804	0	S128
2237.091	0	S  4
2237.271	0	S128
2238.193	0	S  3
2239.146	0	S  2
2244.993	0	S106
2245.242	0	S107
2255.507	0	S 11
2256.008	0	S105
2257.465	0	S128
2257.963	0	S128
2258.464	0	S128
2258.965	0	S128
2259.464	0	S128
2259.817	0	S128
2260.516	0	S128
2260.963	0	S128
2261.46	0	S128
2262	0	S128
2262.501	0	S128
2262.939	0	S128
2263.443	0	S128
2264.035	0	S128
2264.457	0	S128
2264.959	0	S128
2265.427	0	S128
2265.913	0	S128
2266.399	0	S128
2266.857	0	S128
2268.162	0	S  2
2273.339	0	S 11
2273.839	0	S105
2275.295	0	S128
2275.798	0	S128
2276.295	0	S128
2276.795	0	S128
2277.295	0	S128
2277.755	0	S  4
2278.354	0	S  4
2278.849	0	S  4
2279.351	0	S  4
2279.898	0	S  4
2280.437	0	S  4
2280.982	0	S  4
2281.528	0	S  4
2282.149	0	S  4
2282.731	0	S  4
2283.288	0	S  4
2283.779	0	S  4
2284.339	0	S  4
2284.927	0	S  4
2285.435	0	S  4
2286.541	0	S  3
2286.751	0	S106
2295.85	0	S 11
2296.35	0	S105
2297.807	0	S128
2298.306	0	S128
2298.807	0	S128
2299.306	0	S128
2299.807	0	S128
2300.278	0	S128
2300.304	0	S  4
2300.898	0	S128
2300.969	0	S  4
2301.316	0	S128
2301.414	0	S  4
2301.786	0	S128
2301.934	0	S  4
2302.272	0	S128
2302.451	0	S  4
2302.768	0	S128
2302.969	0	S  4
2303.356	0	S128
2303.519	0	S  4
2303.857	0	S128
2304.096	0	S  4
2304.333	0	S128
2304.64	0	S  4
2304.874	0	S128
2305.266	0	S  4
2305.458	0	S128
2305.732	0	S  4
2305.984	0	S128
2306.248	0	S  4
2306.435	0	S128
2306.762	0	S  4
2306.915	0	S128
2307.355	0	S  4
2307.434	0	S128
2307.895	0	S  4
2308.84	0	S  2
2308.966	0	S  3
2313.789	0	S106
2316.498	0	S 11
2316.999	0	S105
2318.454	0	S128
2318.954	0	S128
2319.454	0	S128
2319.954	0	S128
2320.453	0	S128
2320.838	0	S128
2320.916	0	S  4
2321.505	0	S  4
2321.553	0	S128
2321.96	0	S  4
2322.176	0	S128
2322.408	0	S  4
2322.626	0	S128
2322.964	0	S  4
2323.164	0	S128
2323.496	0	S  4
2323.669	0	S128
2324.103	0	S  4
2324.21	0	S128
2324.684	0	S128
2324.702	0	S  4
2325.164	0	S  4
2325.223	0	S128
2325.678	0	S  4
2325.767	0	S128
2326.154	0	S  4
2326.217	0	S128
2326.658	0	S128
2326.682	0	S  4
2327.159	0	S128
2327.216	0	S  4
2327.64	0	S128
2327.714	0	S  4
2328.056	0	S128
2328.156	0	S  4
2329.005	0	S  2
2329.029	0	S  3
2333.637	0	S106
2337.449	0	S 11
2337.951	0	S105
2339.405	0	S128
2339.906	0	S128
2340.405	0	S128
2340.906	0	S128
2341.406	0	S128
2341.757	0	S128
2341.916	0	S  4
2342.416	0	S128
2342.446	0	S  4
2342.806	0	S  4
2342.842	0	S128
2343.169	0	S  4
2343.34	0	S128
2343.661	0	S  4
2343.981	0	S128
2344.358	0	S  4
2344.547	0	S128
2344.99	0	S128
2345.024	0	S  4
2345.442	0	S128
2345.557	0	S  4
2345.989	0	S128
2346.059	0	S  4
2346.557	0	S128
2346.629	0	S  4
2347.094	0	S  4
2347.117	0	S128
2347.596	0	S  4
2347.628	0	S128
2348.105	0	S128
2348.125	0	S  4
2348.658	0	S128
2348.674	0	S  4
2349.15	0	S  4
2349.236	0	S128
2350.343	0	S  3
2353.169	0	S  2
2357.893	0	S106
2362.129	0	S 11
2362.63	0	S105
2364.085	0	S128
2364.586	0	S128
2365.085	0	S128
2365.587	0	S128
2366.085	0	S128
2366.423	0	S128
2366.584	0	S  4
2367.083	0	S128
2367.173	0	S  4
2367.579	0	S128
2367.629	0	S  4
2368.102	0	S128
2368.125	0	S  4
2368.583	0	S  4
2368.626	0	S128
2369.062	0	S  4
2369.103	0	S128
2369.602	0	S  4
2369.639	0	S128
2370.088	0	S  4
2370.191	0	S128
2370.647	0	S  4
2370.784	0	S128
2371.241	0	S128
2371.261	0	S  4
2371.738	0	S128
2371.765	0	S  4
2372.23	0	S128
2372.243	0	S  4
2372.712	0	S  4
2372.778	0	S128
2373.193	0	S128
2373.214	0	S  4
2373.667	0	S  4
2373.701	0	S128
2374.589	0	S  2
2374.684	0	S  3
2379.285	0	S106
2382.969	0	S 11
2383.469	0	S105
2384.925	0	S128
2385.426	0	S128
2385.925	0	S128
2386.425	0	S128
2386.924	0	S128
2387.516	0	S128
2387.567	0	S  4
2388.503	0	S128
2388.531	0	S  4
2388.927	0	S  4
2388.981	0	S128
2389.431	0	S  4
2389.525	0	S128
2389.989	0	S128
2390.007	0	S  4
2390.462	0	S128
2390.494	0	S  4
2390.963	0	S128
2391.011	0	S  4
2391.404	0	S128
2391.562	0	S  4
2391.881	0	S128
2392.149	0	S  4
2392.462	0	S128
2392.725	0	S  4
2392.895	0	S128
2393.165	0	S  4
2393.366	0	S128
2393.651	0	S  4
2393.799	0	S128
2394.155	0	S  4
2394.317	0	S128
2394.593	0	S  4
2395.712	0	S  3
2396.115	0	S  2
2400.296	0	S106
2400.543	0	S107
2402.352	0	S  4
